id;nombre;apellido;email;telefono;fecha_nacimiento
1;equatorial generously;judgementally fake frizz;Samuel.DelgadoBarrera@hotmail.com;anenst;2025-04-05
2;minor meanwhile;wonderfully actual;Ivan_PreciadoTerrazas@yahoo.com;dredger;2025-04-05
3;pure than really;operating experience;Salvador_CanoHernandez@yahoo.com;mmm pine yet;2025-04-05
4;incidentally augment;around for nudge;Lucia_VelizOntiveros@hotmail.com;unaccountably;2025-04-05
5;ha artistic for;livid wonderfully;Victor_SantacruzBarragan@yahoo.com;navigate pish pleasure;2025-04-05
6;diagram fooey;overspend CD;Guillermo.CarrilloCorrea66@yahoo.com;perfection;2025-04-06
7;because plus towards;accurate very;Guadalupe.ArriagaSantiago@gmail.com;tidy why;2025-04-05
8;furthermore so;nippy unless and;Lola.ParraBravo69@hotmail.com;quarrelsomely;2025-04-05
9;likewise until;pfft sin;Marisol_ArroyoMorales3@yahoo.com;woot yet triumphantly;2025-04-05
10;how over enormously;outside and;Carla.CovarrubiasRazo68@gmail.com;lounge charming firsthand;2025-04-05
