id;codigo;fecha_reserva;estado
1;dishonor;2025-04-05T13:46:10;marketplace friendly
2;unabashedly unlike;2025-04-05T04:55:41;tangible hm ew
3;polarisation;2025-04-05T05:42:03;beyond for knowledgeably
4;duh unlike;2025-04-05T09:21:09;adolescent lest granny
5;since upside-down revoke;2025-04-05T23:06:08;questioningly
6;knottily unlawful;2025-04-05T08:58:27;proper
7;thigh oof quarrelsomely;2025-04-05T03:27:39;observe
8;urgently joyous;2025-04-05T11:19:58;pish whispered stunning
9;kiddingly interestingly;2025-04-05T23:26:23;fooey
10;whoever paralyse thunderbolt;2025-04-05T19:48:19;that categorise
